client_id,company_name,sum
C25055,Stark Partners,2244869.530000001
C94736,Red Logistics,2218130.709999999
C14175,Wayne Group,2151906.65
C03366,Umbrella Industries,2108671.5700000003
C77726,Nimbus Holdings,2096498.8400000003
